<?xml version="1.0" encoding="UTF-8"?>
<configuration>
    <property name="LOG_PATH" value="/logs/rest"/>
    
    <!-- Console Appender -->
    <appender name="Console" class="ch.qos.logback.core.ConsoleAppender">
        <encoder>
            <pattern>%d{ISO8601} [%thread] [%X{requestId}] %-5level %logger{36} - %msg%n</pattern>
        </encoder>
    </appender>
    
    <!-- File Appender -->
    <appender name="File" class="ch.qos.logback.core.rolling.RollingFileAppender">
        <prudent>true</prudent>
        <file>${LOG_PATH}/rest-service.log</file>
        <encoder>
            <pattern>%d{ISO8601} [%thread] [%X{requestId}] %-5level %logger{36} - %msg%n</pattern>
        </encoder>
        
        <rollingPolicy class="ch.qos.logback.core.rolling.TimeBasedRollingPolicy">
            <fileNamePattern>${LOG_PATH}/rest-service.%d{yyyy-MM-dd}.log</fileNamePattern>
            <maxHistory>30</maxHistory>
        </rollingPolicy>
    </appender>
    
    <root level="INFO">
        <appender-ref ref="Console"/>
        <appender-ref ref="File"/>
    </root>
</configuration> 